topic,term,weight
000,people,0.04243853
000,homeless,0.036260795
000,illness,0.008629603
000,give,0.011496319
000,mental,0.008350892
000,house,0.012269329
000,work,0.010755659
000,drug,0.006678744
000,delete,0.0079447795
000,street,0.0067136665
001,seattle,0.038628373
001,live,0.03217724
001,city,0.017112315
001,move,0.010995642
001,area,0.010281534
001,neighborhood,0.009745553
001,work,0.009909411
001,company,0.005440787
001,south,0.005576022
001,i’m,0.0071499525
002,sock,0.058855277
002,donate,0.028033458
002,facebook,0.019775981
002,drunken,0.013250855
002,buy,0.012997998
002,shelter,0.016711619
002,link,0.0138965435
002,box,0.010520794
002,mistake,0.010193653
002,reddit,0.010737948
003,volunteer,0.07780455
003,thanksgiving,0.053265903
003,https,0.032173097
003,year,0.031045388
003,day,0.022224214
003,religious,0.018499034
003,timar,0.021341976
003,meal,0.017879723
003,compass,0.013297367
003,2c,0.013297367
